year,month,ENSO,field_4,field_5,field_6
1882,JAN,-1,,,
1882,FEB,-0.3,,,
1882,MAR,0.4,,,
1882,APR,0,,,
1882,MAY,0.5,,,
1882,JUN,-1.2,,,
1882,JUL,-2.1,,,
1882,AUG,-2.8,,,
1882,SEP,-1.7,,,
1882,OCT,0,,,
1882,NOV,0.1,,,
1882,DEC,1,,,
1882,Annual_average,-0.591666667,,,
1883,JAN,0.8,,,
1883,FEB,-1.3,,,
1883,MAR,-3.2,,,
1883,APR,1.1,,,
1883,MAY,1.1,,,
1883,JUN,0.2,,,
1883,JUL,-1.2,,,
1883,AUG,0,,,
1883,SEP,-1,,,
1883,OCT,0.3,,,
1883,NOV,0.2,,,
1883,DEC,-2.2,,,
1883,Annual_average,-0.433333333,,,
1884,JAN,-1.7,,,
1884,FEB,-1,,,
1884,MAR,0.9,,,
1884,APR,-1,,,
1884,MAY,0.1,,,
1884,JUN,0.7,,,
1884,JUL,-0.4,,,
1884,AUG,-0.7,,,
1884,SEP,-0.7,,,
1884,OCT,0.3,,,
1884,NOV,-0.2,,,
1884,DEC,-1.8,,,
1884,Annual_average,-0.458333333,,,
1885,JAN,-2.2,,,
1885,FEB,0,,,
2012,MAR,0.7,,,
2012,APR,-0.3,,,
2012,MAY,0,,,
2012,JUN,-0.4,,,
2012,JUL,0,,,
2012,AUG,-0.2,,,
2012,SEP,0.2,,,
2012,OCT,0.3,,,
2012,NOV,0.3,,,
2012,DEC,-0.6,,,
2012,Annual_average,0.133333333,,,
2013,JAN,-0.1,,,
2013,FEB,-0.2,,,
2013,MAR,1.5,,,
2013,APR,0.2,,,
2013,MAY,0.8,,,
2013,JUN,1.2,,,
2013,JUL,0.8,,,
2013,AUG,0.2,,,
2013,SEP,0.3,,,
2013,OCT,-0.1,,,
2013,NOV,0.7,,,
2013,DEC,0.1,,,
2013,Annual_average,0.45,,,
2014,JAN,1.4,,,
2014,FEB,0.1,,,
2014,MAR,-0.9,,,
2014,APR,0.8,,,
2014,MAY,0.5,,,
2014,JUN,0.2,,,
2014,JUL,-0.2,,,
2014,AUG,-0.7,,,
2014,SEP,-0.7,,,
2014,OCT,-0.6,,,
2014,NOV,,,,
2014,DEC,,,,
2014,Annual_average,-0.01,,,
1887,MAR,1,,,
1887,APR,0.6,,,
1885,MAR,0.6,,,
1885,APR,0,,,
1885,MAY,-0.2,,,
1885,JUN,-1.2,,,
1885,JUL,-0.4,,,
1885,AUG,-1.1,,,
1885,SEP,-0.4,,,
1885,OCT,-2,,,
1885,NOV,-1.6,,,
1885,DEC,0.6,,,
1885,Annual_average,-0.658333333,,,
1886,JAN,-0.2,,,
1886,FEB,-0.1,,,
1886,MAR,0.3,,,
1886,APR,0.2,,,
1886,MAY,0.6,,,
1886,JUN,0.2,,,
1886,JUL,0.7,,,
1886,AUG,1.2,,,
1886,SEP,1.4,,,
1886,OCT,1.3,,,
1886,NOV,0.8,,,
1886,DEC,1.6,,,
1886,Annual_average,0.666666667,,,
1887,JAN,1.6,,,
1887,FEB,1.2,,,
1887,MAY,-0.4,,,
1887,JUN,0.3,,,
1887,JUL,0.4,,,
1887,AUG,0.3,,,
1887,SEP,0.6,,,
1887,OCT,0.5,,,
1887,NOV,-0.6,,,
1887,DEC,0.6,,,
1887,Annual_average,0.508333333,,,
1888,JAN,-0.6,,,
1888,FEB,-0.3,,,
1888,MAR,-1.4,,,
1888,APR,-1.8,,,
1888,MAY,-0.8,,,
1888,JUN,-1.3,,,
1888,JUL,-1.6,,,
1888,AUG,-1,,,
1888,SEP,-1.1,,,
1888,OCT,-1.5,,,
1888,NOV,-1.4,,,
1888,DEC,-0.4,,,
1888,Annual_average,-1.1,,,
1889,JAN,-3.5,,,
1889,FEB,-0.3,,,
1889,MAR,-3.4,,,
1889,APR,0,,,
1889,MAY,-0.1,,,
1889,JUN,1.7,,,
1889,JUL,0.1,,,
1889,AUG,0,,,
1889,SEP,1.1,,,
1889,OCT,0.2,,,
1889,NOV,1.9,,,
1889,DEC,2.5,,,
1889,Annual_average,0.016666667,,,
1890,JAN,2.6,,,
1890,FEB,1.4,,,
1890,MAR,1.5,,,
1890,APR,0.6,,,
1890,MAY,0.3,,,
1890,JUN,0.4,,,
1890,JUL,-0.4,,,
1890,AUG,-0.5,,,
1890,SEP,0.8,,,
1890,OCT,0.3,,,
1890,NOV,0,,,
1890,DEC,-0.1,,,
1890,Annual_average,0.575,,,
1891,JAN,2.1,,,
1891,FEB,-0.7,,,
1891,MAR,-1.3,,,
1891,APR,0.4,,,
1891,MAY,0,,,
1891,JUN,-0.1,,,
1891,JUL,-0.6,,,
1891,AUG,-0.8,,,
1891,SEP,-1,,,
1891,OCT,0,,,
1891,NOV,-0.6,,,
1891,DEC,-0.7,,,
1891,Annual_average,-0.275,,,
1892,JAN,0.2,,,
1892,FEB,-1.5,,,
1892,MAR,1.2,,,
1892,APR,0.6,,,
1892,MAY,0.9,,,
1892,JUN,1.4,,,
1892,JUL,0.8,,,
1892,AUG,0.4,,,
1892,SEP,,,,
1892,OCT,,,,
1892,NOV,,,,
1892,DEC,,,,
1892,Annual_average,0.5,,,
1893,JAN,,,,
1893,FEB,,,,
1893,MAR,,,,
1893,APR,,,,
1893,MAY,,,,
1893,JUN,,,,
1893,JUL,,,,
1893,AUG,,,,
1893,SEP,,,,
1893,OCT,,,,
1893,NOV,,,,
1893,DEC,,,,
1893,Annual_average,,,,
1894,JAN,,,,
1894,FEB,,,,
1894,MAR,,,,
1894,APR,,,,
1894,MAY,,,,
1894,JUN,,,,
1894,JUL,,,,
1894,AUG,,,,
1894,SEP,,,,
1894,OCT,,,,
1894,NOV,,,,
1894,DEC,,,,
1894,Annual_average,,,,
1895,JAN,,,,
1895,FEB,,,,
1895,MAR,,,,
1895,APR,,,,
1895,MAY,,,,
1895,JUN,,,,
1895,JUL,,,,
1895,AUG,,,,
1895,SEP,,,,
1895,OCT,,,,
1895,NOV,,,,
1895,DEC,,,,
1895,Annual_average,,,,
1896,JAN,0.7,,,
1896,FEB,1.1,,,
1896,MAR,-0.3,,,
1896,APR,-0.1,,,
1896,MAY,-2.6,,,
1896,JUN,-2,,,
1896,JUL,-1.5,,,
1896,AUG,-1.6,,,
1896,SEP,-1.5,,,
1896,OCT,-1.4,,,
1896,NOV,-0.6,,,
1896,DEC,-1.3,,,
1896,Annual_average,-0.925,,,
1897,JAN,-1.6,,,
1897,FEB,-1.1,,,
1897,MAR,-2.1,,,
1897,APR,-1.4,,,
1897,MAY,-1.5,,,
1897,JUN,-0.2,,,
1897,JUL,-0.1,,,
1897,AUG,0.1,,,
1897,SEP,0,,,
1897,OCT,0.1,,,
1897,NOV,-0.9,,,
1897,DEC,1.1,,,
1897,Annual_average,-0.633333333,,,
1898,JAN,0.9,,,
1898,FEB,0.6,,,
1898,MAR,2,,,
1898,APR,0.8,,,
1898,MAY,-0.1,,,
1898,JUN,-0.3,,,
1898,JUL,0.6,,,
1898,AUG,0.7,,,
1898,SEP,1,,,
1898,OCT,0.3,,,
1898,NOV,0.1,,,
1898,DEC,0.3,,,
1898,Annual_average,0.575,,,
1899,JAN,1.6,,,
1899,FEB,1,,,
1899,MAR,1.4,,,
1899,APR,0.2,,,
1899,MAY,-0.5,,,
1899,JUN,-0.8,,,
1899,JUL,-0.6,,,
1899,AUG,-1.1,,,
1899,SEP,-0.2,,,
1899,OCT,0.6,,,
1899,NOV,1.4,,,
1899,DEC,-0.5,,,
1899,Annual_average,0.208333333,,,
1900,JAN,-1,,,
1900,FEB,-1,,,
1900,MAR,-3.2,,,
1900,APR,-1.4,,,
1900,MAY,-0.6,,,
1900,JUN,1.9,,,
1900,JUL,1,,,
1900,AUG,0.6,,,
1900,SEP,-1.8,,,
1900,OCT,-2,,,
1900,NOV,-0.7,,,
1900,DEC,-0.8,,,
1900,Annual_average,-0.75,,,
1901,JAN,-0.2,,,
1901,FEB,0.3,,,
1901,MAR,1,,,
1901,APR,0.4,,,
1901,MAY,0,,,
1901,JUN,1.4,,,
1901,JUL,1.4,,,
1901,AUG,0.9,,,
1901,SEP,-1.7,,,
1901,OCT,-2.5,,,
1901,NOV,-1,,,
1901,DEC,-0.3,,,
1901,Annual_average,-0.025,,,
1902,JAN,2.2,,,
1902,FEB,-0.4,,,
1902,MAR,1.3,,,
1902,APR,0.6,,,
1902,MAY,0.8,,,
1902,JUN,0.2,,,
1902,JUL,0.1,,,
1902,AUG,-1,,,
1902,SEP,-1.9,,,
1902,OCT,-0.9,,,
1902,NOV,-0.5,,,
1902,DEC,-0.4,,,
1902,Annual_average,0.008333333,,,
1903,JAN,-1.3,,,
1903,FEB,-1.6,,,
1903,MAR,1.8,,,
1903,APR,1.4,,,
1903,MAY,0.8,,,
1903,JUN,-0.1,,,
1903,JUL,0.4,,,
1903,AUG,-0.1,,,
1903,SEP,0.9,,,
1903,OCT,0.4,,,
1903,NOV,0,,,
1903,DEC,1.8,,,
1903,Annual_average,0.366666667,,,
1904,JAN,1.8,,,
1904,FEB,2,,,
1904,MAR,1,,,
1904,APR,2.4,,,
1904,MAY,0.7,,,
1904,JUN,-0.7,,,
1904,JUL,-1,,,
1904,AUG,-0.1,,,
1904,SEP,0.1,,,
1904,OCT,-0.1,,,
1904,NOV,-1.8,,,
1904,DEC,0.1,,,
1904,Annual_average,0.366666667,,,
1905,JAN,-1.2,,,
1905,FEB,-2.5,,,
1905,MAR,-3.6,,,
1905,APR,-3.3,,,
1905,MAY,-3,,,
1905,JUN,-2.5,,,
1905,JUL,-2,,,
1905,AUG,-1,,,
1905,SEP,-0.7,,,
1905,OCT,-0.8,,,
1905,NOV,-1.9,,,
1905,DEC,-1.9,,,
1905,Annual_average,-2.033333333,,,
1906,JAN,-0.6,,,
1906,FEB,-1.2,,,
1906,MAR,-0.4,,,
1906,APR,0.5,,,
1906,MAY,,,,
1906,JUN,-0.4,,,
1906,JUL,0.5,,,
1906,AUG,1.4,,,
1906,SEP,1.9,,,
1906,OCT,0.8,,,
1906,NOV,1.9,,,
1906,DEC,,,,
1906,Annual_average,0.44,,,
1907,JAN,,,,
1907,FEB,,,,
1907,MAR,,,,
1907,APR,,,,
1907,MAY,,,,
1907,JUN,,,,
1907,JUL,,,,
1907,AUG,,,,
1907,SEP,,,,
1907,OCT,,,,
1907,NOV,,,,
1907,DEC,,,,
1907,Annual_average,,,,
1908,JAN,,,,
1908,FEB,,,,
1908,MAR,,,,
1908,APR,,,,
1908,MAY,,,,
1908,JUN,,,,
1908,JUL,,,,
1908,AUG,,,,
1908,SEP,2,,,
1908,OCT,0.7,,,
1908,NOV,0.1,,,
1908,DEC,-0.8,,,
1908,Annual_average,0.5,,,
1909,JAN,-0.3,,,
1909,FEB,-0.4,,,
1909,MAR,-0.3,,,
1909,APR,-1.1,,,
1909,MAY,0.1,,,
1909,JUN,1.6,,,
1909,JUL,1,,,
1909,AUG,0.8,,,
1909,SEP,0,,,
1909,OCT,0.2,,,
1909,NOV,0.6,,,
1909,DEC,0.5,,,
1909,Annual_average,0.225,,,
1910,JAN,0.6,,,
1910,FEB,1.9,,,
1910,MAR,1.3,,,
1910,APR,0.3,,,
1910,MAY,0.1,,,
1910,JUN,1.7,,,
1910,JUL,2,,,
1910,AUG,0.9,,,
1910,SEP,1.5,,,
1910,OCT,0.9,,,
1910,NOV,1.7,,,
1910,DEC,1.9,,,
1910,Annual_average,1.233333333,,,
1911,JAN,0.2,,,
1911,FEB,0.1,,,
1911,MAR,0.3,,,
1911,APR,0,,,
1911,MAY,-0.6,,,
1911,JUN,-1.1,,,
1911,JUL,-1.3,,,
1911,AUG,-1.3,,,
1911,SEP,-0.9,,,
1911,OCT,-1.4,,,
1911,NOV,-0.9,,,
1911,DEC,-0.4,,,
1911,Annual_average,-0.608333333,,,
1912,JAN,-1.4,,,
1912,FEB,-2.4,,,
1912,MAR,-1.2,,,
1912,APR,-1.7,,,
1912,MAY,-1,,,
1912,JUN,-0.6,,,
1912,JUL,-0.2,,,
1912,AUG,-1,,,
1912,SEP,-0.5,,,
1912,OCT,-0.8,,,
1912,NOV,0.1,,,
1912,DEC,-1.2,,,
1912,Annual_average,-0.991666667,,,
1913,JAN,-0.5,,,
1913,FEB,-0.8,,,
1913,MAR,-0.1,,,
1913,APR,-0.6,,,
1913,MAY,-0.6,,,
1913,JUN,-0.5,,,
1913,JUL,-0.2,,,
1913,AUG,-1,,,
1913,SEP,-1.1,,,
1913,OCT,-1.1,,,
1913,NOV,-1.2,,,
1913,DEC,-1,,,
1913,Annual_average,-0.725,,,
1914,JAN,-0.7,,,
1914,FEB,0.2,,,
1914,MAR,1,,,
1914,APR,,,,
1914,MAY,,,,
1914,JUN,,,,
1914,JUL,,,,
1914,AUG,,,,
1914,SEP,,,,
1914,OCT,,,,
1914,NOV,,,,
1914,DEC,,,,
1914,Annual_average,0.166666667,,,
1915,JAN,,,,
1915,FEB,,,,
1915,MAR,,,,
1915,APR,,,,
1915,MAY,,,,
1915,JUN,,,,
1915,JUL,,,,
1915,AUG,,,,
1915,SEP,,,,
1915,OCT,,,,
1915,NOV,-1.6,,,
1915,DEC,1,,,
1915,Annual_average,-0.3,,,
1916,JAN,0.6,,,
1916,FEB,-0.6,,,
1916,MAR,-1,,,
1916,APR,0,,,
1916,MAY,0.4,,,
1916,JUN,0.6,,,
1916,JUL,2.4,,,
1916,AUG,1.4,,,
1916,SEP,0.4,,,
1916,OCT,0.5,,,
1916,NOV,0.8,,,
1916,DEC,1.6,,,
1916,Annual_average,0.591666667,,,
1917,JAN,0.6,,,
1917,FEB,1.4,,,
1917,MAR,1.9,,,
1917,APR,1.7,,,
1917,MAY,1.8,,,
1917,JUN,1.6,,,
1917,JUL,2.6,,,
1917,AUG,3.3,,,
1917,SEP,3.2,,,
1917,OCT,1.5,,,
1917,NOV,1.9,,,
1917,DEC,2.6,,,
1917,Annual_average,2.008333333,,,
1918,JAN,1.8,,,
1918,FEB,2.1,,,
1918,MAR,-0.4,,,
1918,APR,1.4,,,
1918,MAY,0.9,,,
1918,JUN,-0.4,,,
1918,JUL,-1.5,,,
1918,AUG,-0.6,,,
1918,SEP,-0.8,,,
1918,OCT,-0.6,,,
1918,NOV,-0.1,,,
1918,DEC,-1.1,,,
1918,Annual_average,0.058333333,,,
1919,JAN,-2.2,,,
1919,FEB,-1.6,,,
1919,MAR,-1.7,,,
1919,APR,-0.2,,,
1919,MAY,-0.7,,,
1919,JUN,-0.9,,,
1919,JUL,-0.9,,,
1919,AUG,-0.9,,,
1919,SEP,-0.5,,,
1919,OCT,-1.2,,,
1919,NOV,-1.2,,,
1919,DEC,-1.3,,,
1919,Annual_average,-1.108333333,,,
1920,JAN,0.1,,,
1920,FEB,-0.5,,,
1920,MAR,-0.7,,,
1920,APR,-0.1,,,
1920,MAY,-0.2,,,
1920,JUN,0.3,,,
1920,JUL,0.8,,,
1920,AUG,0.3,,,
1920,SEP,0.6,,,
1920,OCT,-0.6,,,
1920,NOV,-0.1,,,
1920,DEC,1,,,
1920,Annual_average,0.075,,,
1921,JAN,1.5,,,
1921,FEB,0.7,,,
1921,MAR,,,,
1921,APR,,,,
1921,MAY,,,,
1921,JUN,,,,
1921,JUL,0.2,,,
1921,AUG,-0.8,,,
1921,SEP,0.4,,,
1921,OCT,1,,,
1921,NOV,0.6,,,
1921,DEC,0.8,,,
1921,Annual_average,0.55,,,
1922,JAN,0.9,,,
1922,FEB,1,,,
1922,MAR,0.5,,,
1922,APR,-0.4,,,
1922,MAY,-0.5,,,
1922,JUN,0.2,,,
1922,JUL,0.1,,,
1922,AUG,-0.3,,,
1922,SEP,0.5,,,
1922,OCT,0.5,,,
1922,NOV,0.7,,,
1922,DEC,1.2,,,
1922,Annual_average,0.366666667,,,
1923,JAN,0.6,,,
1923,FEB,0.4,,,
1923,MAR,0.9,,,
1923,APR,0.6,,,
1923,MAY,0.1,,,
1923,JUN,-0.2,,,
1923,JUL,-1.2,,,
1923,AUG,-2,,,
1923,SEP,-1.6,,,
1923,OCT,-0.7,,,
1923,NOV,-1.4,,,
1923,DEC,0.2,,,
1923,Annual_average,-0.358333333,,,
1924,JAN,-0.7,,,
1924,FEB,0,,,
1924,MAR,0.2,,,
1924,APR,-1.2,,,
1924,MAY,0.9,,,
1924,JUN,0.5,,,
1924,JUL,0.7,,,
1924,AUG,1,,,
1924,SEP,0.8,,,
1924,OCT,0.7,,,
1924,NOV,1,,,
1924,DEC,0.4,,,
1924,Annual_average,0.358333333,,,
1925,JAN,0.6,,,
1925,FEB,1.8,,,
1925,MAR,1.5,,,
1925,APR,1,,,
1925,MAY,-0.1,,,
1925,JUN,-0.5,,,
1925,JUL,-1.4,,,
1925,AUG,-1.2,,,
1925,SEP,-0.6,,,
1925,OCT,-1.5,,,
1925,NOV,-1.1,,,
1925,DEC,-1.2,,,
1925,Annual_average,-0.225,,,
1926,JAN,-1.9,,,
1926,FEB,-3.1,,,
1926,MAR,-2.7,,,
1926,APR,-1.6,,,
1926,MAY,-1.2,,,
1926,JUN,-1.7,,,
1926,JUL,-1.2,,,
1926,AUG,-2,,,
1926,SEP,-0.9,,,
1926,OCT,-0.8,,,
1926,NOV,-1.1,,,
1926,DEC,-0.5,,,
1926,Annual_average,-1.558333333,,,
1927,JAN,0.5,,,
1927,FEB,-0.1,,,
1927,MAR,2,,,
1927,APR,0.6,,,
1927,MAY,0.5,,,
1927,JUN,,,,
1927,JUL,,,,
1927,AUG,,,,
1927,SEP,0,,,
1927,OCT,-0.6,,,
1927,NOV,-0.9,,,
1927,DEC,0.8,,,
1927,Annual_average,0.311111111,,,
1928,JAN,-1.3,,,
1928,FEB,1.3,,,
1928,MAR,1.4,,,
1928,APR,1,,,
1928,MAY,-0.2,,,
1928,JUN,-0.7,,,
1928,JUL,0,,,
1928,AUG,0.9,,,
1928,SEP,1,,,
1928,OCT,0.9,,,
1928,NOV,0.1,,,
1928,DEC,1.4,,,
1928,Annual_average,0.483333333,,,
1929,JAN,1.9,,,
1929,FEB,2.3,,,
1929,MAR,0.5,,,
1929,APR,0.3,,,
1929,MAY,-1,,,
1929,JUN,0.1,,,
1929,JUL,0.3,,,
1929,AUG,-0.1,,,
1929,SEP,-0.1,,,
1929,OCT,0.7,,,
1929,NOV,1,,,
1929,DEC,0.6,,,
1929,Annual_average,0.541666667,,,
1930,JAN,1.5,,,
1930,FEB,0.8,,,
1930,MAR,0,,,
1930,APR,-0.2,,,
1930,MAY,0.1,,,
1930,JUN,-0.6,,,
1930,JUL,-0.5,,,
1930,AUG,-0.4,,,
1930,SEP,-0.7,,,
1930,OCT,0.4,,,
1930,NOV,0.1,,,
1930,DEC,-0.4,,,
1930,Annual_average,0.008333333,,,
1931,JAN,0.9,,,
1931,FEB,-2,,,
1931,MAR,0.5,,,
1931,APR,0.7,,,
1931,MAY,1.2,,,
1931,JUN,1.3,,,
1931,JUL,0.9,,,
1931,AUG,,,,
1931,SEP,,,,
1931,OCT,,,,
1931,NOV,,,,
1931,DEC,,,,
1931,Annual_average,0.5,,,
1932,JAN,,,,
1932,FEB,,,,
1932,MAR,,,,
1932,APR,,,,
1932,MAY,,,,
1932,JUN,,,,
1932,JUL,,,,
1932,AUG,,,,
1932,SEP,-1.1,,,
1932,OCT,-0.6,,,
1932,NOV,-0.6,,,
1932,DEC,0.2,,,
1932,Annual_average,-0.525,,,
1933,JAN,-1.6,,,
1933,FEB,0.4,,,
1933,MAR,-0.4,,,
1933,APR,0.3,,,
1933,MAY,0.5,,,
1933,JUN,-0.4,,,
1933,JUL,0.2,,,
1933,AUG,-0.2,,,
1933,SEP,0.3,,,
1933,OCT,0.2,,,
1933,NOV,0.5,,,
1933,DEC,0.9,,,
1933,Annual_average,0.058333333,,,
1934,JAN,0.7,,,
1934,FEB,0,,,
1934,MAR,-0.1,,,
1934,APR,0.4,,,
1934,MAY,-0.5,,,
1934,JUN,0.8,,,
1934,JUL,0.2,,,
1934,AUG,-2.5,,,
1934,SEP,-0.7,,,
1934,OCT,0.3,,,
1934,NOV,1.1,,,
1934,DEC,-0.4,,,
1934,Annual_average,-0.058333333,,,
1935,JAN,0.8,,,
1935,FEB,-0.7,,,
1935,MAR,1.3,,,
1935,APR,0.3,,,
1935,MAY,-0.4,,,
1935,JUN,-0.2,,,
1935,JUL,0,,,
1935,AUG,0.1,,,
1935,SEP,0.6,,,
1935,OCT,0.7,,,
1935,NOV,0.2,,,
1935,DEC,-0.6,,,
1935,Annual_average,0.175,,,
1936,JAN,-0.3,,,
1936,FEB,-0.1,,,
1936,MAR,0,,,
1936,APR,0.5,,,
1936,MAY,0.4,,,
1936,JUN,-0.3,,,
1936,JUL,0.3,,,
1936,AUG,-1,,,
1936,SEP,0.2,,,
1936,OCT,-0.1,,,
1936,NOV,-1.5,,,
1936,DEC,-0.1,,,
1936,Annual_average,-0.166666667,,,
1937,JAN,1.1,,,
1937,FEB,-0.8,,,
1937,MAR,0.6,,,
1937,APR,0.1,,,
1937,MAY,-0.1,,,
1937,JUN,0.1,,,
1937,JUL,-0.5,,,
1937,AUG,0.1,,,
1937,SEP,0.1,,,
1937,OCT,-0.5,,,
1937,NOV,-0.5,,,
1937,DEC,0.6,,,
1937,Annual_average,0.025,,,
1938,JAN,0.8,,,
1938,FEB,0.4,,,
1938,MAR,-0.5,,,
1938,APR,0.3,,,
1938,MAY,1,,,
1938,JUN,1.3,,,
1938,JUL,1.8,,,
1938,AUG,1,,,
1938,SEP,0.9,,,
1938,OCT,1.3,,,
1938,NOV,0,,,
1938,DEC,1.6,,,
1938,Annual_average,0.825,,,
1939,JAN,2.1,,,
1939,FEB,0.8,,,
1939,MAR,1.1,,,
1939,APR,0.7,,,
1939,MAY,-0.1,,,
1939,JUN,-0.2,,,
1939,JUL,0.8,,,
1939,AUG,-0.3,,,
1939,SEP,-1.1,,,
1939,OCT,-1.7,,,
1939,NOV,-1,,,
1939,DEC,-1.2,,,
1939,Annual_average,-0.008333333,,,
1940,JAN,-0.1,,,
1940,FEB,-0.8,,,
1940,MAR,-1.3,,,
1940,APR,-0.7,,,
1940,MAY,-1.2,,,
1940,JUN,-1.7,,,
1940,JUL,-1.6,,,
1940,AUG,-1.9,,,
1940,SEP,-2,,,
1940,OCT,-1.9,,,
1940,NOV,-0.9,,,
1940,DEC,-2.6,,,
1940,Annual_average,-1.391666667,,,
1941,JAN,-1.4,,,
1941,FEB,-2.2,,,
1941,MAR,-1.4,,,
1941,APR,-0.9,,,
1941,MAY,-0.6,,,
1941,JUN,-1.2,,,
1941,JUL,-2,,,
1941,AUG,-2,,,
1941,SEP,-0.9,,,
1941,OCT,-2.2,,,
1941,NOV,-1.1,,,
1941,DEC,-1.2,,,
1941,Annual_average,-1.425,,,
1942,JAN,-1.8,,,
1942,FEB,-0.7,,,
1942,MAR,-0.8,,,
1942,APR,-0.4,,,
1942,MAY,0.4,,,
1942,JUN,0.5,,,
1942,JUL,-0.2,,,
1942,AUG,0.2,,,
1942,SEP,0.9,,,
1942,OCT,0.7,,,
1942,NOV,-0.6,,,
1942,DEC,1.6,,,
1942,Annual_average,-0.016666667,,,
1943,JAN,1.2,,,
1943,FEB,1.2,,,
1943,MAR,0.3,,,
1943,APR,1,,,
1943,MAY,0.2,,,
1943,JUN,-0.7,,,
1943,JUL,0.2,,,
1943,AUG,0.6,,,
1943,SEP,0.5,,,
1943,OCT,0.8,,,
1943,NOV,0.2,,,
1943,DEC,-1.2,,,
1943,Annual_average,0.358333333,,,
1944,JAN,-1.2,,,
1944,FEB,0.4,,,
1944,MAR,0.5,,,
1944,APR,-0.4,,,
1944,MAY,-0.1,,,
1944,JUN,-0.4,,,
1944,JUL,-0.9,,,
1944,AUG,0.2,,,
1944,SEP,0.3,,,
1944,OCT,-1,,,
1944,NOV,-0.8,,,
1944,DEC,0.3,,,
1944,Annual_average,-0.258333333,,,
1945,JAN,0.6,,,
1945,FEB,0.7,,,
1945,MAR,1.4,,,
1945,APR,-0.5,,,
1945,MAY,0,,,
1945,JUN,0.5,,,
1945,JUL,0.3,,,
1945,AUG,1,,,
1945,SEP,0.9,,,
1945,OCT,0.1,,,
1945,NOV,-0.5,,,
1945,DEC,0.7,,,
1945,Annual_average,0.433333333,,,
1946,JAN,-0.4,,,
1946,FEB,0.4,,,
1946,MAR,-0.4,,,
1946,APR,-0.7,,,
1946,MAY,-0.9,,,
1946,JUN,-0.9,,,
1946,JUL,-1.1,,,
1946,AUG,-0.6,,,
1946,SEP,-1.8,,,
1946,OCT,-1.4,,,
1946,NOV,-0.3,,,
1946,DEC,-0.9,,,
1946,Annual_average,-0.75,,,
1947,JAN,-0.7,,,
1947,FEB,-0.8,,,
1947,MAR,1.2,,,
1947,APR,-0.4,,,
1947,MAY,-1.1,,,
1947,JUN,0.1,,,
1947,JUL,0.9,,,
1947,AUG,0.5,,,
1947,SEP,1.2,,,
1947,OCT,-0.3,,,
1947,NOV,0.7,,,
1947,DEC,0.5,,,
1947,Annual_average,0.15,,,
1948,JAN,-0.5,,,
1948,FEB,-0.5,,,
1948,MAR,-0.7,,,
1948,APR,0.2,,,
1948,MAY,0.3,,,
1948,JUN,-0.5,,,
1948,JUL,0,,,
1948,AUG,-0.6,,,
1948,SEP,-0.9,,,
1948,OCT,0.5,,,
1948,NOV,0.2,,,
1948,DEC,-0.9,,,
1948,Annual_average,-0.283333333,,,
1949,JAN,-1.1,,,
1949,FEB,0.1,,,
1949,MAR,0.5,,,
1949,APR,0.1,,,
1949,MAY,-0.5,,,
1949,JUN,-1,,,
1949,JUL,-0.2,,,
1949,AUG,-0.6,,,
1949,SEP,0.2,,,
1949,OCT,0.4,,,
1949,NOV,-0.8,,,
1949,DEC,0.7,,,
1949,Annual_average,-0.183333333,,,
1950,JAN,0.5,,,
1950,FEB,2.1,,,
1950,MAR,1.9,,,
1950,APR,1.2,,,
1950,MAY,0.6,,,
1950,JUN,2,,,
1950,JUL,2,,,
1950,AUG,1.1,,,
1950,SEP,0.7,,,
1950,OCT,1.6,,,
1950,NOV,1,,,
1950,DEC,2.7,,,
1950,Annual_average,1.45,,,
1951,JAN,1.5,,,
1951,FEB,0.9,,,
1951,MAR,-0.1,,,
1951,APR,-0.3,,,
1951,MAY,-0.7,,,
1951,JUN,0.2,,,
1951,JUL,-1,,,
1951,AUG,-0.2,,,
1951,SEP,-1.1,,,
1951,OCT,-1,,,
1951,NOV,-0.8,,,
1951,DEC,-0.7,,,
1951,Annual_average,-0.275,,,
1952,JAN,-0.9,,,
1952,FEB,-0.6,,,
1952,MAR,0.5,,,
1952,APR,-0.2,,,
1952,MAY,0.8,,,
1952,JUN,0.7,,,
1952,JUL,0.5,,,
1952,AUG,0.1,,,
1952,SEP,-0.2,,,
1952,OCT,0.4,,,
1952,NOV,0,,,
1952,DEC,-1.2,,,
1952,Annual_average,-0.008333333,,,
1953,JAN,0.3,,,
1953,FEB,-0.5,,,
1953,MAR,-0.2,,,
1953,APR,0.2,,,
1953,MAY,-1.7,,,
1953,JUN,0.1,,,
1953,JUL,0,,,
1953,AUG,-1.2,,,
1953,SEP,-1.2,,,
1953,OCT,0.1,,,
1953,NOV,-0.3,,,
1953,DEC,-0.5,,,
1953,Annual_average,-0.408333333,,,
1954,JAN,0.7,,,
1954,FEB,-0.3,,,
1954,MAR,0.3,,,
1954,APR,0.6,,,
1954,MAY,0.5,,,
1954,JUN,0.1,,,
1954,JUL,0.4,,,
1954,AUG,1.1,,,
1954,SEP,0.2,,,
1954,OCT,0.3,,,
1954,NOV,0.1,,,
1954,DEC,1.4,,,
1954,Annual_average,0.45,,,
1955,JAN,-0.5,,,
1955,FEB,1.9,,,
1955,MAR,0.6,,,
1955,APR,-0.1,,,
1955,MAY,1,,,
1955,JUN,1.3,,,
1955,JUL,1.6,,,
1955,AUG,1.5,,,
1955,SEP,1.3,,,
1955,OCT,1.5,,,
1955,NOV,1.2,,,
1955,DEC,1,,,
1955,Annual_average,1.025,,,
1956,JAN,1.3,,,
1956,FEB,1.6,,,
1956,MAR,1.3,,,
1956,APR,0.9,,,
1956,MAY,1.4,,,
1956,JUN,1.1,,,
1956,JUL,1.1,,,
1956,AUG,1.2,,,
1956,SEP,0.1,,,
1956,OCT,1.8,,,
1956,NOV,0.2,,,
1956,DEC,1.1,,,
1956,Annual_average,1.091666667,,,
1957,JAN,0.6,,,
1957,FEB,-0.1,,,
1957,MAR,0.2,,,
1957,APR,0.2,,,
1957,MAY,-0.7,,,
1957,JUN,0.2,,,
1957,JUL,0.2,,,
1957,AUG,-0.5,,,
1957,SEP,-0.9,,,
1957,OCT,0,,,
1957,NOV,-1,,,
1957,DEC,-0.3,,,
1957,Annual_average,-0.175,,,
1958,JAN,-1.9,,,
1958,FEB,-0.5,,,
1958,MAR,0.3,,,
1958,APR,0.4,,,
1958,MAY,-0.5,,,
1958,JUN,0.3,,,
1958,JUL,0.4,,,
1958,AUG,0.9,,,
1958,SEP,-0.3,,,
1958,OCT,0.1,,,
1958,NOV,-0.4,,,
1958,DEC,-0.6,,,
1958,Annual_average,-0.15,,,
1959,JAN,-0.9,,,
1959,FEB,-1.4,,,
1959,MAR,1.3,,,
1959,APR,0.4,,,
1959,MAY,0.5,,,
1959,JUN,-0.1,,,
1959,JUL,-0.3,,,
1959,AUG,-0.1,,,
1959,SEP,0,,,
1959,OCT,0.5,,,
1959,NOV,0.9,,,
1959,DEC,0.9,,,
1959,Annual_average,0.141666667,,,
1960,JAN,0.1,,,
1960,FEB,0.1,,,
1960,MAR,1,,,
1960,APR,0.8,,,
1960,MAY,0.5,,,
1960,JUN,0.1,,,
1960,JUL,0.5,,,
1960,AUG,0.8,,,
1960,SEP,0.7,,,
1960,OCT,0.1,,,
1960,NOV,0.5,,,
1960,DEC,0.8,,,
1960,Annual_average,0.5,,,
1961,JAN,-0.3,,,
1961,FEB,0.9,,,
1961,MAR,-1.8,,,
1961,APR,0.8,,,
1961,MAY,0.3,,,
1961,JUN,0.1,,,
1961,JUL,0.2,,,
1961,AUG,0.2,,,
1961,SEP,0.1,,,
1961,OCT,-0.3,,,
1961,NOV,0.5,,,
1961,DEC,1.5,,,
1961,Annual_average,0.183333333,,,
1962,JAN,2,,,
1962,FEB,-0.3,,,
1962,MAR,0.1,,,
1962,APR,0.2,,,
1962,MAY,1.1,,,
1962,JUN,0.7,,,
1962,JUL,0.1,,,
1962,AUG,0.6,,,
1962,SEP,0.4,,,
1962,OCT,1,,,
1962,NOV,0.3,,,
1962,DEC,0.2,,,
1962,Annual_average,0.533333333,,,
1963,JAN,1,,,
1963,FEB,0.6,,,
1963,MAR,1.1,,,
1963,APR,0.8,,,
1963,MAY,0.4,,,
1963,JUN,-0.5,,,
1963,JUL,-0.1,,,
1963,AUG,0,,,
1963,SEP,-0.6,,,
1963,OCT,-1.2,,,
1963,NOV,-0.8,,,
1963,DEC,-1.2,,,
1963,Annual_average,-0.041666667,,,
1964,JAN,-0.4,,,
1964,FEB,0,,,
1964,MAR,1.1,,,
1964,APR,1.1,,,
1964,MAY,0.2,,,
1964,JUN,0.8,,,
1964,JUL,0.6,,,
1964,AUG,1.5,,,
1964,SEP,1.3,,,
1964,OCT,1.3,,,
1964,NOV,0.2,,,
1964,DEC,-0.3,,,
1964,Annual_average,0.616666667,,,
1965,JAN,-0.4,,,
1965,FEB,0.4,,,
1965,MAR,0.8,,,
1965,APR,-0.5,,,
1965,MAY,0.2,,,
1965,JUN,-0.6,,,
1965,JUL,-1.8,,,
1965,AUG,-0.7,,,
1965,SEP,-1.3,,,
1965,OCT,-0.9,,,
1965,NOV,-1.5,,,
1965,DEC,0.2,,,
1965,Annual_average,-0.508333333,,,
1966,JAN,-1.3,,,
1966,FEB,-0.2,,,
1966,MAR,-0.9,,,
1966,APR,-0.2,,,
1966,MAY,-0.4,,,
1966,JUN,0.3,,,
1966,JUL,0.1,,,
1966,AUG,0.6,,,
1966,SEP,-0.2,,,
1966,OCT,-0.1,,,
1966,NOV,0,,,
1966,DEC,-0.3,,,
1966,Annual_average,-0.216666667,,,
1967,JAN,1.7,,,
1967,FEB,1.7,,,
1967,MAR,1.2,,,
1967,APR,0,,,
1967,MAY,0,,,
1967,JUN,0.6,,,
1967,JUL,0.2,,,
1967,AUG,0.7,,,
1967,SEP,0.5,,,
1967,OCT,0.1,,,
1967,NOV,-0.4,,,
1967,DEC,-0.6,,,
1967,Annual_average,0.475,,,
1968,JAN,0.5,,,
1968,FEB,1.3,,,
1968,MAR,0.1,,,
1968,APR,0,,,
1968,MAY,1.2,,,
1968,JUN,1.1,,,
1968,JUL,0.7,,,
1968,AUG,0.3,,,
1968,SEP,-0.3,,,
1968,OCT,-0.1,,,
1968,NOV,-0.3,,,
1968,DEC,0.2,,,
1968,Annual_average,0.391666667,,,
1969,JAN,-1.5,,,
1969,FEB,-0.5,,,
1969,MAR,0.4,,,
1969,APR,-0.4,,,
1969,MAY,-0.2,,,
1969,JUN,0.2,,,
1969,JUL,-0.5,,,
1969,AUG,-0.1,,,
1969,SEP,-1,,,
1969,OCT,-0.9,,,
1969,NOV,-0.1,,,
1969,DEC,0.4,,,
1969,Annual_average,-0.35,,,
1970,JAN,-1.1,,,
1970,FEB,-1,,,
1970,MAR,0.6,,,
1970,APR,-0.1,,,
1970,MAY,0.4,,,
1970,JUN,1,,,
1970,JUL,-0.4,,,
1970,AUG,0.6,,,
1970,SEP,1.2,,,
1970,OCT,1,,,
1970,NOV,1.6,,,
1970,DEC,1.9,,,
1970,Annual_average,0.475,,,
1971,JAN,0.4,,,
1971,FEB,2,,,
1971,MAR,2.3,,,
1971,APR,1.7,,,
1971,MAY,0.9,,,
1971,JUN,0.4,,,
1971,JUL,0.2,,,
1971,AUG,1.5,,,
1971,SEP,1.4,,,
1971,OCT,1.7,,,
1971,NOV,0.5,,,
1971,DEC,0.3,,,
1971,Annual_average,1.108333333,,,
1972,JAN,0.5,,,
1972,FEB,1.1,,,
1972,MAR,0.6,,,
1972,APR,-0.1,,,
1972,MAY,-1.6,,,
1972,JUN,-0.5,,,
1972,JUL,-1.4,,,
1972,AUG,-0.5,,,
1972,SEP,-1.4,,,
1972,OCT,-0.9,,,
1972,NOV,-0.3,,,
1972,DEC,-1.3,,,
1972,Annual_average,-0.483333333,,,
1973,JAN,-0.3,,,
1973,FEB,-1.4,,,
1973,MAR,0.7,,,
1973,APR,0.1,,,
1973,MAY,0.4,,,
1973,JUN,1.1,,,
1973,JUL,0.6,,,
1973,AUG,1.3,,,
1973,SEP,1.2,,,
1973,OCT,0.8,,,
1973,NOV,2.6,,,
1973,DEC,1.8,,,
1973,Annual_average,0.741666667,,,
1974,JAN,2.4,,,
1974,FEB,2.1,,,
1974,MAR,2.4,,,
1974,APR,0.9,,,
1974,MAY,1,,,
1974,JUN,0.4,,,
1974,JUL,1.1,,,
1974,AUG,0.8,,,
1974,SEP,1.1,,,
1974,OCT,0.9,,,
1974,NOV,-0.1,,,
1974,DEC,0.2,,,
1974,Annual_average,1.1,,,
1975,JAN,-0.5,,,
1975,FEB,0.8,,,
1975,MAR,1.6,,,
1975,APR,1.2,,,
1975,MAY,0.6,,,
1975,JUN,1.3,,,
1975,JUL,1.9,,,
1975,AUG,2,,,
1975,SEP,2.1,,,
1975,OCT,1.7,,,
1975,NOV,1.2,,,
1975,DEC,2.1,,,
1975,Annual_average,1.333333333,,,
1976,JAN,1.4,,,
1976,FEB,1.7,,,
1976,MAR,1.7,,,
1976,APR,0.3,,,
1976,MAY,0.4,,,
1976,JUN,0.3,,,
1976,JUL,-0.9,,,
1976,AUG,-0.8,,,
1976,SEP,-1.1,,,
1976,OCT,0.4,,,
1976,NOV,0.7,,,
1976,DEC,-0.3,,,
1976,Annual_average,0.316666667,,,
1977,JAN,-0.4,,,
1977,FEB,1.2,,,
1977,MAR,-0.5,,,
1977,APR,-0.4,,,
1977,MAY,-0.5,,,
1977,JUN,-0.9,,,
1977,JUL,-1.1,,,
1977,AUG,-0.8,,,
1977,SEP,-0.8,,,
1977,OCT,-1,,,
1977,NOV,-1.3,,,
1977,DEC,-1.1,,,
1977,Annual_average,-0.633333333,,,
1978,JAN,-0.3,,,
1978,FEB,-2.7,,,
1978,MAR,-0.2,,,
1978,APR,-0.3,,,
1978,MAY,1.4,,,
1978,JUN,0.7,,,
1978,JUL,0.6,,,
1978,AUG,0.4,,,
1978,SEP,0.1,,,
1978,OCT,-0.4,,,
1978,NOV,0,,,
1978,DEC,-0.1,,,
1978,Annual_average,-0.066666667,,,
1979,JAN,-0.4,,,
1979,FEB,1,,,
1979,MAR,0.1,,,
1979,APR,-0.1,,,
1979,MAY,0.5,,,
1979,JUN,0.6,,,
1979,JUL,1.3,,,
1979,AUG,-0.2,,,
1979,SEP,0.1,,,
1979,OCT,-0.1,,,
1979,NOV,-0.4,,,
1979,DEC,-0.7,,,
1979,Annual_average,0.141666667,,,
1980,JAN,0.4,,,
1980,FEB,0.3,,,
1980,MAR,-0.4,,,
1980,APR,-0.6,,,
1980,MAY,0,,,
1980,JUN,0,,,
1980,JUL,0,,,
1980,AUG,0.4,,,
1980,SEP,-0.5,,,
1980,OCT,0,,,
1980,NOV,-0.3,,,
1980,DEC,-0.1,,,
1980,Annual_average,-0.066666667,,,
1981,JAN,0.4,,,
1981,FEB,-0.2,,,
1981,MAR,-1.3,,,
1981,APR,-0.1,,,
1981,MAY,0.8,,,
1981,JUN,1.2,,,
1981,JUL,0.8,,,
1981,AUG,0.7,,,
1981,SEP,0.3,,,
1981,OCT,-0.4,,,
1981,NOV,0.2,,,
1981,DEC,0.5,,,
1981,Annual_average,0.241666667,,,
1982,JAN,1.2,,,
1982,FEB,0.3,,,
1982,MAR,0.6,,,
1982,APR,0.1,,,
1982,MAY,-0.3,,,
1982,JUN,-1,,,
1982,JUL,-1.5,,,
1982,AUG,-1.7,,,
1982,SEP,-1.7,,,
1982,OCT,-1.7,,,
1982,NOV,-2.6,,,
1982,DEC,-2.2,,,
1982,Annual_average,-0.875,,,
1983,JAN,-3.5,,,
1983,FEB,-3.6,,,
1983,MAR,-2.4,,,
1983,APR,-0.9,,,
1983,MAY,0.6,,,
1983,JUN,0,,,
1983,JUL,-0.6,,,
1983,AUG,0.1,,,
1983,SEP,0.9,,,
1983,OCT,0.4,,,
1983,NOV,-0.1,,,
1983,DEC,0,,,
1983,Annual_average,-0.758333333,,,
1984,JAN,0.2,,,
1984,FEB,0.9,,,
1984,MAR,-0.2,,,
1984,APR,0.3,,,
1984,MAY,0.2,,,
1984,JUN,-0.3,,,
1984,JUL,0.2,,,
1984,AUG,0.4,,,
1984,SEP,0.1,,,
1984,OCT,-0.3,,,
1984,NOV,0.3,,,
1984,DEC,-0.1,,,
2012,JAN,1.1,,,
1984,Annual_average,0.141666667,,,
1985,JAN,-0.3,,,
1985,FEB,1.2,,,
1985,MAR,0.8,,,
1985,APR,1.2,,,
1985,MAY,0.4,,,
1985,JUN,-0.4,,,
1985,JUL,-0.1,,,
1985,AUG,1,,,
1985,SEP,0,,,
1985,OCT,-0.4,,,
1985,NOV,-0.2,,,
1985,DEC,0.2,,,
1985,Annual_average,0.283333333,,,
1986,JAN,1,,,
1986,FEB,-1,,,
1986,MAR,0.5,,,
1986,APR,0.3,,,
1986,MAY,-0.2,,,
1986,JUN,1,,,
1986,JUL,0.3,,,
1986,AUG,-0.4,,,
1986,SEP,-0.5,,,
1986,OCT,0.6,,,
1986,NOV,-1.2,,,
1986,DEC,-1.4,,,
1986,Annual_average,-0.083333333,,,
1987,JAN,-0.7,,,
1987,FEB,-1.2,,,
1987,MAR,-1.3,,,
1987,APR,-1.4,,,
1987,MAY,-1.3,,,
1987,JUN,-1.1,,,
1987,JUL,-1.4,,,
1987,AUG,-0.9,,,
1987,SEP,-1,,,
1987,OCT,-0.4,,,
1987,NOV,0,,,
1987,DEC,-0.5,,,
1987,Annual_average,-0.933333333,,,
1988,JAN,-0.1,,,
1988,FEB,-0.4,,,
1988,MAR,0.6,,,
1988,APR,0.1,,,
1988,MAY,0.9,,,
1988,JUN,0.1,,,
1988,JUL,1,,,
1988,AUG,1.5,,,
1988,SEP,1.8,,,
1988,OCT,1.4,,,
1988,NOV,1.7,,,
1988,DEC,1.2,,,
1988,Annual_average,0.816666667,,,
1989,JAN,1.5,,,
1989,FEB,1.2,,,
1989,MAR,1.1,,,
1989,APR,1.6,,,
1989,MAY,1.2,,,
1989,JUN,0.7,,,
1989,JUL,0.9,,,
1989,AUG,-0.3,,,
1989,SEP,0.5,,,
1989,OCT,0.8,,,
1989,NOV,-0.2,,,
1989,DEC,-0.5,,,
1989,Annual_average,0.708333333,,,
1990,JAN,-0.1,,,
1990,FEB,-1.8,,,
1990,MAR,-0.4,,,
1990,APR,0.2,,,
1990,MAY,1.2,,,
1990,JUN,0.3,,,
1990,JUL,0.5,,,
1990,AUG,-0.2,,,
1990,SEP,-0.7,,,
1990,OCT,0.3,,,
1990,NOV,-0.5,,,
1990,DEC,-0.2,,,
1990,Annual_average,-0.116666667,,,
1991,JAN,0.6,,,
1991,FEB,0.3,,,
1991,MAR,-0.7,,,
1991,APR,-0.6,,,
1991,MAY,-1,,,
1991,JUN,-0.1,,,
1991,JUL,0,,,
1991,AUG,-0.4,,,
1991,SEP,-1.5,,,
1991,OCT,-1,,,
1991,NOV,-0.7,,,
1991,DEC,-1.8,,,
1991,Annual_average,-0.575,,,
1992,JAN,-2.9,,,
1992,FEB,-0.9,,,
1992,MAR,-2,,,
1992,APR,-1,,,
1992,MAY,0.3,,,
1992,JUN,-0.6,,,
1992,JUL,-0.6,,,
1992,AUG,0.4,,,
1992,SEP,0.1,,,
1992,OCT,-1.4,,,
1992,NOV,-0.7,,,
1992,DEC,-0.6,,,
1992,Annual_average,-0.825,,,
1993,JAN,-0.9,,,
1993,FEB,-0.7,,,
1993,MAR,-0.5,,,
1993,APR,-1.2,,,
1993,MAY,-0.3,,,
1993,JUN,-0.8,,,
1993,JUL,-0.8,,,
1993,AUG,-0.9,,,
1993,SEP,-0.7,,,
1993,OCT,-1.1,,,
1993,NOV,-0.1,,,
1993,DEC,0.2,,,
2012,FEB,0.5,,,
1993,Annual_average,-0.65,,,
1994,JAN,-0.1,,,
1994,FEB,0.3,,,
1994,MAR,-0.7,,,
1994,APR,-1.3,,,
1994,MAY,-0.7,,,
1994,JUN,-0.4,,,
1994,JUL,-1.3,,,
1994,AUG,-1.2,,,
1994,SEP,-1.6,,,
1994,OCT,-1.1,,,
1994,NOV,-0.6,,,
1994,DEC,-1.2,,,
1994,Annual_average,-0.825,,,
1995,JAN,-0.4,,,
1995,FEB,-0.1,,,
1995,MAR,0.8,,,
1995,APR,-0.7,,,
1995,MAY,-0.4,,,
1995,JUN,0.1,,,
1995,JUL,0.4,,,
1995,AUG,0.3,,,
1995,SEP,0.3,,,
1995,OCT,0,,,
1995,NOV,0,,,
1995,DEC,-0.5,,,
1995,Annual_average,-0.016666667,,,
1996,JAN,1,,,
1996,FEB,0.3,,,
1996,MAR,1.1,,,
1996,APR,0.8,,,
1996,MAY,0.3,,,
1996,JUN,1.2,,,
1996,JUL,0.7,,,
1996,AUG,0.7,,,
1996,SEP,0.6,,,
1996,OCT,0.6,,,
1996,NOV,-0.1,,,
1996,DEC,0.9,,,
1996,Annual_average,0.675,,,
1997,JAN,0.5,,,
1997,FEB,1.7,,,
1997,MAR,-0.4,,,
1997,APR,-0.6,,,
1997,MAY,-1.3,,,
1997,JUN,-1.4,,,
1997,JUL,-0.8,,,
1997,AUG,-1.4,,,
1997,SEP,-1.4,,,
1997,OCT,-1.5,,,
1997,NOV,-1.2,,,
1997,DEC,-1,,,
1997,Annual_average,-0.733333333,,,
1998,JAN,-2.7,,,
1998,FEB,-2,,,
1998,MAR,-2.4,,,
1998,APR,-1.4,,,
1998,MAY,0.3,,,
1998,JUN,1,,,
1998,JUL,1.2,,,
1998,AUG,1.2,,,
1998,SEP,1,,,
1998,OCT,1.1,,,
1998,NOV,1,,,
1998,DEC,1.4,,,
1998,Annual_average,-0.025,,,
1999,JAN,1.8,,,
1999,FEB,1,,,
1999,MAR,1.3,,,
1999,APR,1.4,,,
1999,MAY,0.2,,,
1999,JUN,0.3,,,
1999,JUL,0.5,,,
1999,AUG,0.4,,,
1999,SEP,-0.1,,,
1999,OCT,1,,,
1999,NOV,1,,,
1999,DEC,1.4,,,
2009,JAN,1.1,,,
1999,Annual_average,0.85,,,
2000,JAN,0.7,,,
2000,FEB,1.7,,,
2000,MAR,1.3,,,
2000,APR,1.2,,,
2000,MAY,0.4,,,
2000,JUN,-0.2,,,
2000,JUL,-0.2,,,
2000,AUG,0.7,,,
2000,SEP,0.9,,,
2000,OCT,1.1,,,
2000,NOV,1.8,,,
2000,DEC,0.8,,,
2000,Annual_average,0.85,,,
2001,JAN,1,,,
2001,FEB,1.7,,,
2001,MAR,0.9,,,
2001,APR,0.2,,,
2001,MAY,-0.5,,,
2001,JUN,0.3,,,
2001,JUL,-0.2,,,
2001,AUG,-0.4,,,
2001,SEP,0.2,,,
2001,OCT,0,,,
2001,NOV,0.7,,,
2001,DEC,-0.8,,,
2001,Annual_average,0.258333333,,,
2002,JAN,0.4,,,
2002,FEB,1.1,,,
2002,MAR,-0.2,,,
2002,APR,-0.1,,,
2002,MAY,-0.8,,,
2002,JUN,-0.2,,,
2002,JUL,-0.5,,,
2002,AUG,-1,,,
2002,SEP,-0.6,,,
2002,OCT,-0.4,,,
2002,NOV,-0.5,,,
2002,DEC,-1.1,,,
2002,Annual_average,-0.325,,,
2003,JAN,-0.2,,,
2003,FEB,-0.7,,,
2003,MAR,-0.3,,,
2003,APR,-0.1,,,
2003,MAY,-0.3,,,
2003,JUN,-0.6,,,
2003,JUL,0.3,,,
2003,AUG,0.1,,,
2003,SEP,-0.1,,,
2003,OCT,0,,,
2003,NOV,-0.3,,,
2003,DEC,1.1,,,
2003,Annual_average,-0.091666667,,,
2004,JAN,-1.3,,,
2004,FEB,1.2,,,
2004,MAR,0.4,,,
2004,APR,-0.9,,,
2004,MAY,1,,,
2004,JUN,-0.8,,,
2004,JUL,-0.5,,,
2004,AUG,-0.3,,,
2004,SEP,-0.3,,,
2004,OCT,-0.1,,,
2004,NOV,-0.7,,,
2004,DEC,-0.8,,,
2004,Annual_average,-0.258333333,,,
2005,JAN,0.3,,,
2005,FEB,-3.1,,,
2005,MAR,0.3,,,
2005,APR,-0.6,,,
2005,MAY,-0.8,,,
2005,JUN,0.4,,,
2005,JUL,0.2,,,
2005,AUG,-0.3,,,
2005,SEP,0.4,,,
2005,OCT,1.2,,,
2005,NOV,-0.2,,,
2005,DEC,0,,,
2005,Annual_average,-0.183333333,,,
2006,JAN,1.7,,,
2006,FEB,0.1,,,
2006,MAR,1.8,,,
2006,APR,1.1,,,
2006,MAY,-0.5,,,
2006,JUN,-0.2,,,
2006,JUL,-0.6,,,
2006,AUG,-1,,,
2006,SEP,-0.6,,,
2006,OCT,-1.3,,,
2006,NOV,0.1,,,
2006,DEC,-0.3,,,
2006,Annual_average,0.025,,,
2007,JAN,-0.8,,,
2007,FEB,-0.1,,,
2007,MAR,0.2,,,
2007,APR,-0.1,,,
2007,MAY,-0.1,,,
2007,JUN,0.5,,,
2007,JUL,-0.3,,,
2007,AUG,0.4,,,
2007,SEP,0.2,,,
2007,OCT,0.7,,,
2007,NOV,0.9,,,
2007,DEC,1.7,,,
2007,Annual_average,0.266666667,,,
2008,JAN,1.8,,,
2008,FEB,2.6,,,
2008,MAR,1.4,,,
2008,APR,0.7,,,
2008,MAY,-0.1,,,
2008,JUN,0.6,,,
2008,JUL,0.3,,,
2008,AUG,1,,,
2008,SEP,1.2,,,
2008,OCT,1.3,,,
2008,NOV,1.3,,,
2008,DEC,1.4,,,
2008,Annual_average,1.125,,,
2009,FEB,1.9,,,
2009,MAR,0.4,,,
2009,APR,0.8,,,
2009,MAY,-0.1,,,
2009,JUN,0.1,,,
2009,JUL,0.2,,,
2009,AUG,-0.2,,,
2009,SEP,0.3,,,
2009,OCT,-1.2,,,
2009,NOV,-0.6,,,
2009,DEC,-0.7,,,
2009,Annual_average,0.166666667,,,
2010,JAN,-1.1,,,
2010,FEB,-1.5,,,
2010,MAR,-0.7,,,
2010,APR,1.2,,,
2010,MAY,0.9,,,
2010,JUN,0.4,,,
2010,JUL,1.8,,,
2010,AUG,1.8,,,
2010,SEP,2.2,,,
2010,OCT,1.7,,,
2010,NOV,1.3,,,
2010,DEC,2.9,,,
2010,Annual_average,0.908333333,,,
2011,JAN,2.3,,,
2011,FEB,2.7,,,
2011,MAR,2.5,,,
2011,APR,1.9,,,
2011,MAY,0.4,,,
2011,JUN,0.2,,,
2011,JUL,1,,,
2011,AUG,0.4,,,
2011,SEP,1,,,
2011,OCT,0.8,,,
2011,NOV,1.1,,,
2011,DEC,2.5,,,
2011,Annual_average,1.4,,,
